id,username,created_at,lng,lat,text
1517607207470305283,feach23,Fri Apr 22 20:52:08 +0000 2022,-74.15394699999999,40.572376000000006,.@ZDOLLA24 we never quite got an explanation as to what this means. You were making fun of @OGV2KGOAT for his 1st n‚Ä¶ https://t.co/wXEAPq4LDl
1517607207453536259,SaulleBilly,Fri Apr 22 20:52:08 +0000 2022,-79.42086499999999,38.003375500000004,Skinny me.. now I‚Äôm all belly https://t.co/mz7EQ8CBdd
1517607209206620161,jonknee,Fri Apr 22 20:52:09 +0000 2022,-122.3306025,47.614817,@eascherbaum The Little White Salmon river down on the border of Washington and Oregon
1517607208879415296,MetamorphosisPB,Fri Apr 22 20:52:09 +0000 2022,-78.62472,42.76843,Just posted a photo @ Metamorphosis Pilates &amp; Bodywork https://t.co/kns94xFPs5
1517607208552435716,TheLoisLaneeee,Fri Apr 22 20:52:08 +0000 2022,-95.44648649999999,29.838495,@_TheeBlackJesus Sleep in the work truck üòÇüòÇ
1517607209194115076,ADre622,Fri Apr 22 20:52:09 +0000 2022,-87.732013,41.8335845,@crawlyscubs @JeppsonsMalort This seems more appropriate lol https://t.co/BK1AEK4Bgl
1517607209420558337,BJValentin,Fri Apr 22 20:52:09 +0000 2022,-86.24472850000001,32.364145,"Montgomery, AL has terrible customer service pretty much anywhere you go in this city. It‚Äôs unfortunate, but I can‚Äô‚Ä¶ https://t.co/ZbZX4Nc3Qf"
1517607210242564101,iembot_gid,Fri Apr 22 20:52:09 +0000 2022,-99.6809025,41.500729500000006,"At 3:35 PM CDT, 6 NW Orleans [Harlan Co, NE] MESONET reports NON-TSTM WND GST of M51 MPH https://t.co/DJxH8EML0T"
1517607209529659392,Zach76196632,Fri Apr 22 20:52:09 +0000 2022,-82.75401099999999,42.815124499999996,‚öæÔ∏èEnd of 1st inning:@newberry_calli @G_StuckOnSports https://t.co/xrOCZwLNJ5
1517607209378717704,CityofBGKY,Fri Apr 22 20:52:09 +0000 2022,-86.440281,36.997727,We‚Äôre celebrating ‚ÄúThe Neighbors: Bowling Green‚Äôs Mightiest Heroes‚Äù at our Community Block Party! Until 7 pm here a‚Ä¶ https://t.co/ZxC6p8lx5A
1517607211400318979,where_is_jeff,Fri Apr 22 20:52:09 +0000 2022,-83.02875638,40.20250069,"I'm at @DairyQueen in Lewis Center, OH https://t.co/keYMWKEnoR"
1517607212767760384,HerniquaWare26,Fri Apr 22 20:52:09 +0000 2022,-95.44648649999999,29.838495,Their about 3 months older then them people
1517607213182992390,BJValentin,Fri Apr 22 20:52:10 +0000 2022,-86.24472850000001,32.364145,"No, I don‚Äôt condone being rude to people even if they are rude. But come on, guys‚Ä¶"
1517607214378233856,hhawk,Fri Apr 22 20:52:10 +0000 2022,-119.636189,36.830799,"Yes, most companies have the ability to move.A company is correctly look at their operations based from time to t‚Ä¶ https://t.co/joZHr4nZ9i"
1517607215108169730,Pragano,Fri Apr 22 20:52:10 +0000 2022,-72.757385,41.500753,@PhotogJoseGomez Congrats GOAT !
1517607214990565376,litlove71,Fri Apr 22 20:52:10 +0000 2022,-118.9457615,34.821702,@Stephenhasideas @TonyTsgro75 @michelle_byoung @danielmaycock @HLK851 @brat2381 @M86780803 @TheRickWilson Fetterman‚Ä¶ https://t.co/5s7DKxRWaS
1517607215867248641,CDMatthewMurphy,Fri Apr 22 20:52:10 +0000 2022,-71.0887125,42.3136695,"@momshieb @outsidechild13 FYI, Suzzy Roche and Lucy Wainwright Roche are doing a mother/daughter show at‚Ä¶ https://t.co/aQm2ngDONu"
1517607216290877441,aa86,Fri Apr 22 20:52:10 +0000 2022,-93.27781362,44.98205463,"Looks like I‚Äôm working here today (@ Target Field 3rd Base Lounge in Minneapolis, MN) https://t.co/LArzbrabok"
1517607216974635014,rrodriguesspp,Fri Apr 22 20:52:10 +0000 2022,-74.030317,40.76662,A couple of miscues by the Marauders early has given Union City a 5-1 lead in set #2. #SPPvsUC
1517607217578577920,bstovalljr,Fri Apr 22 20:52:11 +0000 2022,-78.657837,35.8439815,@LimoTelstar And oil!
1517607217742102528,Tmoney2220,Fri Apr 22 20:52:11 +0000 2022,-74.46648300000001,40.551769500000006,This woman drive me crazy but i love her fr my heart üíï ‚ô• ‚ù§ https://t.co/4EISCiKkPM
1517607218023047170,zzhawkey11,Fri Apr 22 20:52:11 +0000 2022,-118.4119065,34.0207895,üò≠üò≠üò≠ I caaaaaant!! My heart!!
1517607218463526920,iwaspoisoned_,Fri Apr 22 20:52:11 +0000 2022,-84.1480407,35.9034962,"Olive Garden - Knoxville, Tennessee - happened 4/17/2022. Ordered soup and salad. it came with ranch dressing and w‚Ä¶ https://t.co/z681W3IJ2P"
1517607219763818501,imbabytate,Fri Apr 22 20:52:11 +0000 2022,-73.9487755,40.655138,Ppl really don‚Äôt be having minds of their own
1517607220053045248,VirgoJ24,Fri Apr 22 20:52:11 +0000 2022,-122.4359785,37.7706565,"I didn‚Äôt ever think about the idea that if you produce ur own records, u can‚Äôt be considered in producer of the year"
1517607220048842752,maaronweber,Fri Apr 22 20:52:11 +0000 2022,-121.38007350000001,38.671418,@BLucareli See ya soon!
1517607220967530496,Sir_Lexy99,Fri Apr 22 20:52:11 +0000 2022,-76.62048200000001,39.284712999999996,Nigga chill don‚Äôt finish em bars.üòÇüòÇüòÇ
1517607221030383616,fredorashadd,Fri Apr 22 20:52:11 +0000 2022,-122.3306025,47.614817,This man is lying
1517607221596672001,genericjose,Fri Apr 22 20:52:12 +0000 2022,-86.1429225,39.7795625,@drktbl I fully agree. What the industry needs now is confidence in the technology and that can only be enabled by‚Ä¶ https://t.co/nhDfQwFfbu
1517607221726699526,BillGerlt,Fri Apr 22 20:52:12 +0000 2022,-98.5406515,29.417501,@madfriars @BenDaveySD Move him up!
1517607221798051846,adoptatribble,Fri Apr 22 20:52:12 +0000 2022,-75.117998,40.0048655,"@NO_belium @cconrymurray @NeuroPoetica Ah, yes, because all the positive reinforcement we‚Äôve tried over the last 2+‚Ä¶ https://t.co/sx1FSty9G5"
1517607222754172932,CrazyTrainLady3,Fri Apr 22 20:52:12 +0000 2022,-104.92209349999999,39.713563,Remember this in November‚Ä¶ #votehimout
1517607223329005574,RyanCaryWear,Fri Apr 22 20:52:12 +0000 2022,-81.447387,28.399888,@TomSchnauz The Testicles of the Hunter
1517607222007709698,gretacrossphoto,Fri Apr 22 20:52:12 +0000 2022,-92.4367735,38.3045585,A few weeks ago I wrote about a collaboration between @pineapplewhip and @TheSGFCO: the Pineapple Whip Candle. Obvi‚Ä¶ https://t.co/kAz6uvFNLw
1517607223635197955,armandocuesta1,Fri Apr 22 20:52:12 +0000 2022,-87.732013,41.8335845,@TBTimes_Sports Incoming ... https://t.co/Zo11ZpIrBt
1517607226235572225,dey5401,Fri Apr 22 20:52:13 +0000 2022,-86.5851,36.307425,@EmilyHGriffith1 congratulations to your daughter I hope she finds the classes interesting and enjoyable
1517607228261416961,MiamiMaltBomb,Fri Apr 22 20:52:13 +0000 2022,-80.2333285,25.7823535,@TheMissNguyen It totally is lol
1517607228576088065,Kurtm717,Fri Apr 22 20:52:13 +0000 2022,-77.60468399999999,41.1179365,@AlexNFLAllDay I got 8 commons
1517607228890566659,JoshDaWay,Fri Apr 22 20:52:13 +0000 2022,-96.8917385,33.079014,Need I remind You Of The Church Motto??
1517607230073446400,BannedInJC,Fri Apr 22 20:52:14 +0000 2022,-74.066663,40.7180015,@clareokaneclare Also: dance dance dance snip snip snip punch punch punch
1517607230685605889,andrewsantelli,Fri Apr 22 20:52:14 +0000 2022,-118.325145,34.182159999999996,Had the great privilege of leading this team for a hot second last year (covering a parental leave).10/10 would r‚Ä¶ https://t.co/b6GkAmKlbS
1517607231566618625,boyDre_,Fri Apr 22 20:52:14 +0000 2022,-84.433106,33.7671945,@TastefullyNasty Bread already $10 a loaf lol
1517607231084191746,Season30E1,Fri Apr 22 20:52:14 +0000 2022,-83.804475,27.698681999999998,I know she tired of me lmao https://t.co/1V4ZKmU24c
1517607231642116097,wotsonwsb,Fri Apr 22 20:52:14 +0000 2022,-84.433106,33.7671945,@JimmyFin41 @shelleywynter1 @scottbakerjr @MalaniKai The engagement has been exceptionally high the past few days.‚Ä¶ https://t.co/GfOgenxuNj
1517607232149635073,EmpathStoner76,Fri Apr 22 20:52:14 +0000 2022,-80.8467855,35.209058999999996,@mikepompeo Parents? Most of them don't have a clue about how to do 3rd grade math. ü§£
1517607232283627520,Philobytes,Fri Apr 22 20:52:14 +0000 2022,-108.426327,45.812414000000004,@marybaphomet And... So? Does it hurt your feelz?
1517607234515005440,ValentiaMichael,Fri Apr 22 20:52:15 +0000 2022,-166.5996925,23.6913645,@msdeem9 That was the last time I was in California. Remember getting out at the Palms Springs Visitor Center and b‚Ä¶ https://t.co/i5XY9Pxtbc
1517607236637380608,thechaneltapper,Fri Apr 22 20:52:15 +0000 2022,-118.4119065,34.0207895,@Smoove00777 @OrganicBBW You know damn what üòÇüòÇüòÇ
1517607236897411072,danuncut,Fri Apr 22 20:52:15 +0000 2022,-114.5837145,33.6036985,Spraying for mosquitoes. https://t.co/AdACt15gjf
1517607237207965696,Im_JustJim,Fri Apr 22 20:52:15 +0000 2022,-85.9500505,39.963761000000005,@PCANational I don't need a reason.Just need to know where.
1517607237652557826,CynthiaSneed7,Fri Apr 22 20:52:15 +0000 2022,-86.00682950000001,34.003125,@TennisChannel @steftsitsipas Alcaraz appears to be standing on the service line every time he serves- maybe it is the clay?
1517607239112142848,rasheencarbin,Fri Apr 22 20:52:16 +0000 2022,-77.0143985,38.898602999999994,Nothing is moving south of Van Ness Street on Connecticut Avenue.
1517607240177524736,Aliky91973411,Fri Apr 22 20:52:16 +0000 2022,-79.4283755,43.903509,@GoldenKnights u got this guys!! I have faith u will make it in the playoffs. when u do I‚Äôll fly back to vegas from‚Ä¶ https://t.co/aa2ELo2WGm
1517607240584159232,CelestePoetProf,Fri Apr 22 20:52:16 +0000 2022,-122.334461,47.307568,"If you wonder why my Instagram is continuously set to private, it‚Äôs because I constantly get creepers requesting to‚Ä¶ https://t.co/n3FUdBWn8u"
1517607241037365249,kgut12,Fri Apr 22 20:52:16 +0000 2022,-80.2739375,43.147571,@adeleradio @CHYM967 The bikini compliment has nothing to do with your success on the radio. It‚Äôs just a compliment‚Ä¶ https://t.co/J3Fsk4Wo6j
1517607241423089664,Jasmine_M00N,Fri Apr 22 20:52:16 +0000 2022,-117.7823605,33.689732,"@NihayetCihan @opensea Im all about faeries, super creative idea! üßöüèº‚Äç‚ôÄÔ∏è"
1517607240680853504,Pinkmingocomics,Fri Apr 22 20:52:16 +0000 2022,-75.052209,39.869549,Into the Nanny Verse https://t.co/4oyR0pIHDw
1517607240525438976,SockJustSock,Fri Apr 22 20:52:16 +0000 2022,-116.236819,33.678984,I maybe a reply guy here but main character energy this weekend https://t.co/YKDEdYjHAe
1517607241469378568,drumsandaguitar,Fri Apr 22 20:52:16 +0000 2022,-84.53981250000001,39.137038000000004,Come hang with us and  have some great beer on this beautiful evening üç∫ @northernrow in OTR https://t.co/xBbiTEcHba
1517607242354286606,Shamele72777451,Fri Apr 22 20:52:17 +0000 2022,-81.7148955,26.706266499999998,@a_simpl_man Good luck
1517607242933018625,ronrontheprod,Fri Apr 22 20:52:17 +0000 2022,-118.4119065,34.0207895,@QuadWoofer Yea hoe we be calling in üò≠
1517607243465871362,SHeroes_Movies,Fri Apr 22 20:52:17 +0000 2022,-82.6694675,40.365159500000004,"Who should I cosplay as, for FanExpo Cleveland? I‚Äôm undecided now because my hair is shorter but I‚Äôve cosplayed Wanda once with short hair."
1517607243566358530,CrownRoyales,Fri Apr 22 20:52:17 +0000 2022,-76.144423,43.046899,"Just posted a photo @ Syracuse, New York https://t.co/Vgqb1Ew8us"
1517607243629441024,LeapYearUSA,Fri Apr 22 20:52:17 +0000 2022,-84.3889,33.7566,"Just posted a photo @ Atlanta, Georgia https://t.co/UNKOtVWVBK"
1517607243985956865,steveose,Fri Apr 22 20:52:17 +0000 2022,-95.7919795,44.452403000000004,Nigeria üá≥üá¨ loosing our best and brightest ü•≤. May her gentle soul rest in perfect peace. Amen üôè #Nigeria‚Ä¶ https://t.co/EthBqg31PH
1517607244933713920,KarHaig,Fri Apr 22 20:52:17 +0000 2022,-119.30660750000001,37.2691755,Celebrating the Armenian spirit @PilibosSchool.Great segment by @FOXLA.Thx @Araksya @Michaela @Tonysuniverse‚Ä¶ https://t.co/0ky0ZerJmX
1517607244761817088,ogundeyi_w,Fri Apr 22 20:52:17 +0000 2022,-86.27053950000001,45.001180000000005,Fast feet matters too.. the grind never stops https://t.co/YPFRETYAjZ
1517607245931974656,valeriieerobles,Fri Apr 22 20:52:17 +0000 2022,-117.02246299999999,32.633767,I GOT THE JOB AT THE HOSPITAL ü§çü§ç
1517607246301081600,CEOSKYLER,Fri Apr 22 20:52:17 +0000 2022,-89.765519,30.2978625,"@pulte Can you help me? I need baby milk it‚Äôs $46 for enfamil, my cashapp is $skylersmiith if you can‚Äôt then that‚Äôs okay ‚ò∫Ô∏è‚ù§Ô∏è"
1517607246930366472,joanna626,Fri Apr 22 20:52:18 +0000 2022,-84.266174,30.476215500000002,@LeaderMcConnell your party
1517607248738017281,jamie_reese1,Fri Apr 22 20:52:18 +0000 2022,-101.4423685,32.24493,I been stop getting in my feelingsToo much money to get ‚Ä¶.
1517607248872148994,tmj_mad_transp,Fri Apr 22 20:52:18 +0000 2022,-89.343727,43.2477685,Looking to score a job at United Rentals? You're in luck. Click the link in our bio for the job description and inf‚Ä¶ https://t.co/1aaGlq3Xh8
1517607249501630464,VinceSheetz,Fri Apr 22 20:52:18 +0000 2022,-117.0723185,33.120359,@Roberthall711 @DineshDSouza How many of these lies and false narratives created and promoted by the Democrat party‚Ä¶ https://t.co/EigAQrwHtr
1517607251183386625,LisaOReaves202,Fri Apr 22 20:52:19 +0000 2022,-77.0143985,38.898602999999994,@wmata Metrobus 3279 H8/Rhode Island Avenue allowed passengers to board the bus before the stop at 14th &amp; Irving at‚Ä¶ https://t.co/wnFm9tX9Q2
1517607251237687296,90sbabesnft,Fri Apr 22 20:52:19 +0000 2022,-112.12467649999999,33.5528625,The correct tag is @YearoftheWoman_ ‚ù§Ô∏è
1517607251791388672,infante664,Fri Apr 22 20:52:19 +0000 2022,-115.223125,36.232915,@Jungkoo_gukk Good night babyüê∞üíúüíúü•∞ü•∞üòòüòò
1517607252009570305,raypadgett11,Fri Apr 22 20:52:19 +0000 2022,-77.60468399999999,41.1179365,@ashleybee89 breathtaking pic! Love the blue üíô
1517607252508569602,KippKruse,Fri Apr 22 20:52:19 +0000 2022,-96.6965625,40.803235,@nathaliejacoby1 crack
1517607251057467399,wzliberty,Fri Apr 22 20:52:19 +0000 2022,-97.1031385,33.030083000000005,Liberty Staff Tie Dye Spirit Day...Directed by Yours Truly! #libertymagic2122 #LISDCulture https://t.co/x1w0RjX4i1
1517607253033033733,ammobangbang,Fri Apr 22 20:52:19 +0000 2022,-83.1738665,32.6782075,I am literally on a call at 5p on a Friday.
1517607253012004866,LouManoti,Fri Apr 22 20:52:19 +0000 2022,-86.441236,39.766555499999996,"@__thebeautyblvd Nope. The little US mail trucks either, they might have a fan and that‚Äôs it."
1517607253364379649,SocialBiz_MC,Fri Apr 22 20:52:19 +0000 2022,-80.2581375,26.331723,@JackPosobiec my husband told them not to take me anywhere without his consent and they said ‚Äúwe are just taking he‚Ä¶ https://t.co/XmlArnjY8b
1517607252533854209,themenalawfirm,Fri Apr 22 20:52:19 +0000 2022,-90.011008,29.982601,"Alright Louisiana, let‚Äôs put right what once went wrong and get Disney in the boot. https://t.co/JgJEVGrwne"
1517607254341693446,BloggedByRain,Fri Apr 22 20:52:19 +0000 2022,-84.35244449999999,33.943456999999995,You can still be Anti Black and have gone to an HBCU
1517607254446456834,_manonmichelle,Fri Apr 22 20:52:19 +0000 2022,-75.117998,40.0048655,"When I want my man to clean faster I put on the songs his mom used to clean to on Saturday mornings.  En vouge , Ma‚Ä¶ https://t.co/mgj5RmyWrI"
1517607255956500481,cindermis,Fri Apr 22 20:52:20 +0000 2022,-77.60468399999999,41.1179365,@DemocracyDocket is Florida being sued for their horrific anti-voter maps?
1517607257751441413,DillonDiaz11,Fri Apr 22 20:52:20 +0000 2022,-115.038337,36.006256,@lust_cinema @BruceLaBruce @skyebluewantsu @theonlyseanford @vannabardot @drewdixonxxx @pdrevil This looks like a lot of fun!!!
1517607257818628098,Michael18624951,Fri Apr 22 20:52:20 +0000 2022,-117.17254349999999,32.650102000000004,@RonFilipkowski Strange things come from the people who believe a sky God impregnated a 12-year-old girl.
1517607257902571520,WETHEKINDOMQ,Fri Apr 22 20:52:20 +0000 2022,-79.861034,35.1704985,"///&gt;THE TRUTH HAS BEEN REVEALED.&gt;And they had great joy, and they blessed, praised, and exalted, because the na‚Ä¶ https://t.co/bxaepMgXEn"
1517607258032594946,EGonzalez6,Fri Apr 22 20:52:20 +0000 2022,-73.98462114,40.7199033,"I'm at The Flying Row @ Clinton Street in New York, NY https://t.co/tUVCkEgVOl"
1517607259534204928,WETHEKINDOMQ,Fri Apr 22 20:52:21 +0000 2022,-79.861034,35.1704985,cause the sinners to pass away and be destroyed from the face of the Earth.&gt;And those who have led the world astr‚Ä¶ https://t.co/gSLYOyuHO7
1517607260985376769,WETHEKINDOMQ,Fri Apr 22 20:52:21 +0000 2022,-79.861034,35.1704985,"And from then on, there will be nothing corruptible. &gt;For that Son of Man has appeared, and has seated Himself up‚Ä¶ https://t.co/B3O5sTyx7I"
1517607262797320193,WETHEKINDOMQ,Fri Apr 22 20:52:21 +0000 2022,-79.861034,35.1704985,"And all evil shall pass away before His face, and the word of that Son of Man shall go forth and be strong before t‚Ä¶ https://t.co/lBQ52Yd3rd"
1517607263959146496,Randi50,Fri Apr 22 20:52:22 +0000 2022,-76.865983,38.8527645,@Tleeunderwood @duty2warn Tucker is speaking as a valid source you can trust. He rhetoric has poisoned many more pe‚Ä¶ https://t.co/GXEgV8xUZj
1517607264470896640,tishtosh_,Fri Apr 22 20:52:22 +0000 2022,-75.117998,40.0048655,I need more spontaneous friends üò´
1517607266190606337,maggieanne70,Fri Apr 22 20:52:22 +0000 2022,-70.81383025,42.9051128,"Date nights resume‚Ä¶. (@ The Goat Bar in Hampton, NH w/ @dethan_taxes) https://t.co/ngzdqrEszr"
1517607265846579202,LimestoneCityH,Fri Apr 22 20:52:22 +0000 2022,-76.164135,44.331250999999995,#hy¬∑dro¬∑pon¬∑ics#hydroponics#kingston #Ontario/ #Canada Àåhƒ´dr…ôÀàp√§niks/ÔøºLearn to pronouncenounthe process of‚Ä¶ https://t.co/8k61l8xi5G
1517607267528548352,DrunkAtdisney,Fri Apr 22 20:52:23 +0000 2022,-83.804475,27.698681999999998,@FlaglerTavern Lovely!   Cc @shlov1 @itsalwaysaugust
1517607266991624193,tbrucato,Fri Apr 22 20:52:22 +0000 2022,-74.08174650000001,40.380217,On this #DAYOFTOM we take the time to test our luck and have some fun with @NJLottery tickets #PeopleWantToKnow‚Ä¶ https://t.co/0NRu2W2poW
1517607269008957440,tonyharper502,Fri Apr 22 20:52:23 +0000 2022,-122.1746685,37.4619215,@rkahne I didn‚Äôt appreciate it much as a native but I miss it now. It‚Äôs fun and something unique about Louisville.
1517607269705424896,mcg1971,Fri Apr 22 20:52:23 +0000 2022,-106.4174305,31.793368,"@JesseKellyDC Umm, nope.The first problem is that there are no ‚Äúsides‚Äù to the Constitution.It is a framework for‚Ä¶ https://t.co/Et3PsCQpln"
1517607271341174786,_BBWQueennn,Fri Apr 22 20:52:23 +0000 2022,-81.3677725,28.501678499999997,Hustlers don‚Äôt stop they keep going&gt;&gt;&gt;&gt;&gt;&gt;&gt;&gt;
1517607270502350848,ArielElyseGold,Fri Apr 22 20:52:23 +0000 2022,-76.50886249999999,42.4494885,Shabbat Shalom to everyone except the Israeli government who celebrated the Jewish holiday of liberation by attacki‚Ä¶ https://t.co/X5bJSzTGT9
1517607271550828545,EvilxDrPorkchop,Fri Apr 22 20:52:23 +0000 2022,-73.9685415,40.780709,This literally her brain https://t.co/wNn4XcC6UU
1517607272477872132,OneCheer,Fri Apr 22 20:52:24 +0000 2022,-73.9685415,40.780709,@NathanMackBrown New York.
1517607272116981761,cathiebun,Fri Apr 22 20:52:24 +0000 2022,-117.0226945,38.502147,Pwease enjoi youse cake wif champagne!  #JerrysCucina https://t.co/18hB2anbJn
1517607273585123328,750man1,Fri Apr 22 20:52:24 +0000 2022,-95.44648649999999,29.838495,"Pretty sure it was when we put a man who has multiple rapes including a 13 year old, in charge"
1517607274029617152,RobbiFirestone,Fri Apr 22 20:52:24 +0000 2022,-106.026119,34.166235,"#TipOfTheSpear, Baby! #yearZero of #NFTS. Let‚Äôs Go! (I love you all so much that I wanna give you little butterfly‚Ä¶ https://t.co/PmfG0XhkhT"
1517607274021154816,lastmilebabe,Fri Apr 22 20:52:24 +0000 2022,-122.0814425,37.396853,@c4chaos People being left behind by the oodles üòí
1517607273312358401,martynovych,Fri Apr 22 20:52:24 +0000 2022,-117.104989,32.810012,How do you like my new nails? üòäüíÖüèª https://t.co/RjwU6HEyMa
1517607274478407680,boogiesurf13,Fri Apr 22 20:52:24 +0000 2022,-122.5889745,45.630589,@NBCNews Whew would have liked to be a fly on the wall. But yeah you should not dose anyone without permission
1517607275652866050,vibe_she,Fri Apr 22 20:52:24 +0000 2022,-89.92202900000001,35.1335205,I can‚Äôt even hit them notes in my head. She sitting down with it!
1517607275782942721,RyanJor94730667,Fri Apr 22 20:52:24 +0000 2022,-89.0119955,42.6863985,"Ok this has to happen, like now"
1517607276613353478,TraskCoTitans,Fri Apr 22 20:52:25 +0000 2022,-79.861034,35.1704985,Titantown was honored &amp; blessed to host Pender County Special Olympics today! Thanks for all those who volunteered‚Ä¶ https://t.co/3L35EACnti
1517607280564269056,PatiKRoll11,Fri Apr 22 20:52:26 +0000 2022,-108.636522,39.07573,How awful. The State of Fla (dictator DeSantis) is now dictating what is allowable speech for corporations!! This i‚Ä¶ https://t.co/5cpynBeivk
1517607281252347905,puxxled,Fri Apr 22 20:52:26 +0000 2022,-121.90165537,36.61799616,Sanderling ankle deep in sand @ Monterey Bay Aquarium https://t.co/RYwZitdKOs
1517607281436811266,spz_34,Fri Apr 22 20:52:26 +0000 2022,-96.7617535,32.819858499999995,I take dumps after work when I run into the house trying to drill the buzzer beater.
1517607282506358785,georgehahn,Fri Apr 22 20:52:26 +0000 2022,-73.9685415,40.780709,I‚Äôm all for e-scooters. But the speed brats in their Kylo Ren helmets whipping around the Central Park loop doing 2‚Ä¶ https://t.co/t01cyvIjrO
1517607283341070336,retail_recruit,Fri Apr 22 20:52:26 +0000 2022,-73.723025,45.557830499999994,This lady. #ChrystiaFreeland üî•üî•üî•üî•üî• #SlavaUkraini üá®üá¶üá∫üá¶
1517607284058333186,Ladybug4747,Fri Apr 22 20:52:26 +0000 2022,-82.961163,34.694002,@pulte Gratitude is a good quality
1517607284184133634,itschristaleann,Fri Apr 22 20:52:26 +0000 2022,-81.382695,40.885188,"@LAThieves Scump, Envoy, Illey and Slasher"
1517607284591181825,WHYAMI_TRENDIN,Fri Apr 22 20:52:27 +0000 2022,-83.996909,33.8545135,@Mimi08079826 @rosalinaoutsold @Tennisboy1820 @chartdata @theestallion I‚Äôm so sick of them. Where‚Äôs Will when you n‚Ä¶ https://t.co/V5zENeN3Hr
1517607285970903040,tharealmyaaa,Fri Apr 22 20:52:27 +0000 2022,-76.555727,38.9920815,I just be working in every dept in safeway
1517607285702500357,jaycola,Fri Apr 22 20:52:27 +0000 2022,-79.5657915,43.837104499999995,"@anunsafespace I heard they're holding a spot on ""Dancing with the Stars"" for him too https://t.co/TPUwl5BL7Q"
1517607285211738114,ComicCarnival,Fri Apr 22 20:52:27 +0000 2022,-86.1429225,39.7795625,"This weeks latest batch of POPs!  Hamilton, Jackie Robinson, HALO, marvel What If, Wonder Woman, and more! https://t.co/HjLsAPU4DO"
1517607287195590656,Joe98002519,Fri Apr 22 20:52:27 +0000 2022,-81.986834,26.63648,@Eagsix6J Getting there
1517607287141019648,itsaygabe,Fri Apr 22 20:52:27 +0000 2022,-121.9986445,37.973327,@RillaForce @allthatjazzxx_ Dis is called a nanny. Hahaha.
1517607287614963712,dribbledfiddler,Fri Apr 22 20:52:27 +0000 2022,-122.3306025,47.614817,Over the Top kicks so much fucking ass.
1517607287606714375,MtgaUser,Fri Apr 22 20:52:27 +0000 2022,-77.0634185,38.939685499999996,Jesus fucking christ
1517607287984164868,joellechoe,Fri Apr 22 20:52:27 +0000 2022,-72.81699657,40.85530561,Just posted a photo @ Waterdrinker Family Farm https://t.co/wEXM9PIW4Y
1517607288730624000,tmj_ind_eng,Fri Apr 22 20:52:28 +0000 2022,-86.1650024,39.6196709,"Ryder is hiring in #Greenwood, IN! Click the link in our bio to apply: Industrial Engineer (Distribution &amp; Warehousing) #Engineering"
1517607290215481345,HerniquaWare26,Fri Apr 22 20:52:28 +0000 2022,-95.44648649999999,29.838495,They see they like the finer things so they‚Äôve been tryna have their money long
1517607290865696768,Derek_Little77,Fri Apr 22 20:52:28 +0000 2022,-85.7682405,37.822244,Deleted Facebook and if it wasn‚Äôt for trying to promote my football guys I‚Äôd delete Twitter and Instagram as well.    Time to focus!!
1517607291125522432,tmj_sjc_pharm,Fri Apr 22 20:52:28 +0000 2022,-121.5547621,36.9998661,"Join the CVS Health team! See our latest Pharmacy Technician - Retail Store job openings, including ""Pharmacy Lead‚Ä¶ https://t.co/t475VpJcc3"
1517607291150913537,Drewzilla,Fri Apr 22 20:52:28 +0000 2022,-87.732013,41.8335845,Just entered! Looking forward to joining you and the team for some vintage Deep Woods selections! Hooray!
1517607291046055937,AndrasZold,Fri Apr 22 20:52:28 +0000 2022,-81.76465999999999,41.3878385,@sarcasticGenX Exactly.
1517607291658412051,AlexTheMan49,Fri Apr 22 20:52:28 +0000 2022,-73.41828312,41.09907768,Weekend wanderer üòé‚úäÔ∏èüíìüíìüç∫üçªüçπü•É #lastweekend #flashbackfriday @ Sono Downtown Norwalk https://t.co/Toxb0Jfevw
1517607291658420224,ComradeRousseau,Fri Apr 22 20:52:28 +0000 2022,-78.871284,38.438306,"i‚Äôve changed as a man in the past year, and, as i change, so must my list of potential band names. https://t.co/rJ06yj9DlT"
1517607293436715014,rawques,Fri Apr 22 20:52:29 +0000 2022,-76.44939600000001,39.228114000000005,The rich been preparing dawg https://t.co/ozU6Bx0pjG
1517607294531522566,1manmafia_,Fri Apr 22 20:52:29 +0000 2022,-81.705467,41.495939500000006,These hoes ungrateful man.
1517607295839993857,aliciafuentes1,Fri Apr 22 20:52:29 +0000 2022,-104.955612,39.589577,@jeremyjojola Selective memory ‚ùì‚ùì‚ùì
1517607297769304064,duhdude22,Fri Apr 22 20:52:30 +0000 2022,-112.12467649999999,33.5528625,@cc_bih Hope they find him üôèüèº
1517607295923937285,boomgiio1,Fri Apr 22 20:52:29 +0000 2022,-83.1738665,32.6782075,#ASUTwitter girls can get right too nieü§ùüèæüì≤üî•üì∂ https://t.co/nUr3vGnyf8
1517607297798844419,constantinoJPAR,Fri Apr 22 20:52:30 +0000 2022,-96.7349005,33.061242500000006,Kids wanted to get new cowboy hats and boots. You think they like livin‚Äô in Texas?! https://t.co/lQPkvJCkwD
1517607298742423552,Burritoexp,Fri Apr 22 20:52:30 +0000 2022,-111.931711,34.1682535,@shawplease @Suns Consult on Tuesday. Thank you.
1517607299786891267,hardcastlewx,Fri Apr 22 20:52:30 +0000 2022,-92.13127399999999,34.7519365,"@WxZachary @VortexChasing @wx_Frankie The state tree in Kansas is a light pole, and I like it that way."
1517607300785135618,julie_romanszky,Fri Apr 22 20:52:30 +0000 2022,-85.9785995,35.8305215,@lucky13wxman @6News This is cool!üòÄ https://t.co/WOtQ1UtbZp
1517607302068641792,PaytonDomschke,Fri Apr 22 20:52:31 +0000 2022,-81.705467,41.495939500000006,I get to do a live shot with a porcupine today. This is the life.
1517607303389851655,AtotheCintron,Fri Apr 22 20:52:31 +0000 2022,-78.63367,38.288,Happy earth day from Shenandoah National Park! https://t.co/OTcR5niuUJ
1517607304325181440,MattGowerOttawa,Fri Apr 22 20:52:31 +0000 2022,-75.688865,45.27979,My Tools. üî®üé∏ https://t.co/tkUz3iOJan
1517607306145538051,SaxMike71,Fri Apr 22 20:52:32 +0000 2022,-83.804475,27.698681999999998,@JoaoSilverstein Justice?
1517607306074206210,vscena,Fri Apr 22 20:52:32 +0000 2022,-71.2489025,42.1461705,@themanmulcahey_ I am seeing them at xfinity though oh well
1517607306724188164,MichaelWalchalk,Fri Apr 22 20:52:32 +0000 2022,-112.12467649999999,33.5528625,@pjbreenphoto I‚Äôll do the dance but hopefully the ball goes in
1517607305482801158,FEMAspox,Fri Apr 22 20:52:32 +0000 2022,-76.924769,38.893473,Happy Earth Day!! @FEMA_Deanne @AmeriCorpsCEO https://t.co/S8HOojWqBU
1517607306715967493,AlexStLeger,Fri Apr 22 20:52:32 +0000 2022,-82.985772,39.9946835,‚ÄúOur reading of the situation and what we get from the region is that there are very few people in that region who‚Ä¶ https://t.co/4ji740IIMV
1517607306694909952,duane_poston,Fri Apr 22 20:52:32 +0000 2022,-84.517077,39.0299405,@mr brown https://t.co/2Sgmo5sz2d
1517607307240108032,redlandsClassic,Fri Apr 22 20:52:32 +0000 2022,-119.30660750000001,37.2691755,But already we have Tim McBirney (@mikesbikes) besting Gregg (@proj_echelon) with a 18:01! He takes over the hot se‚Ä¶ https://t.co/fDL8c4s8fK
1517607308817276928,DcrillyDaniel,Fri Apr 22 20:52:32 +0000 2022,-73.2086445,45.5384575,@TalonzPike @mk_rowe @jyothi17750159 In my garden
1517607308896915458,gfclark89,Fri Apr 22 20:52:32 +0000 2022,-88.04924650000001,42.1151285,Pretty sure people don't want to see Leury past or present right now.
1517607308930564099,katiefehlinger,Fri Apr 22 20:52:32 +0000 2022,-77.60468399999999,41.1179365,"That crooked letter board is driving my inner OCD CRAAAAAAAAZY!!!! üòñüòÇ(HBD, @kcasey395 üòâüéÇ)"
1517607309790392321,AveryLawton8,Fri Apr 22 20:52:33 +0000 2022,-75.90722650000001,43.9660005,@stillgray My business partner barely overheard any of this and just asked what is he stroking his cock about this time
1517607309891063808,gabespears,Fri Apr 22 20:52:33 +0000 2022,-106.4174305,31.793368,@pearson186 Omg drives me insane
1517607310079758338,_tlbj_,Fri Apr 22 20:52:33 +0000 2022,-87.732013,41.8335845,Last weekend before my European Tour purrr
1517607310683779072,JohnMcL73,Fri Apr 22 20:52:33 +0000 2022,-79.267953,43.327593,@livlightslamp4 What other market that cares about hockey does not react the same way
1517607310813806592,_manonmichelle,Fri Apr 22 20:52:33 +0000 2022,-75.117998,40.0048655,Nigga start mopping fast af
1517607311065456641,AlanArbelaez,Fri Apr 22 20:52:33 +0000 2022,-73.8311875,40.6708795,"In plant ü™¥ care, great advice I‚Äôve got is, use ice üßä cubes instead of pouring water üöø. So of that soil needs that u‚Ä¶ https://t.co/jBzBBNWdSF"
1517607311983972358,J_Deer,Fri Apr 22 20:52:33 +0000 2022,-71.054857,42.428694,"@JBird382 @wing_truck_bos @JoeyMurr @idlehandsbeer I'm here for a little bit more, but you're round is covered if I'm not here."
1517607311942070272,Scottslifeeh,Fri Apr 22 20:52:33 +0000 2022,-80.4764035,43.43024,@hondo64ou1 @mastu52 That is the ruling elite and the propaganda they spew as well.
1517607311497482241,DothanTech,Fri Apr 22 20:52:33 +0000 2022,-83.804475,27.698681999999998,DothanTech won 2nd place in the Public Relations Awards for Use of Social Media &amp; CTE Month Promotional Activities‚Ä¶ https://t.co/ex2a4U67GZ
1517607312848044032,RexDiamonds,Fri Apr 22 20:52:33 +0000 2022,-90.011008,29.982601,@andreeeannaa My bad
1517607313045139457,GregBanning,Fri Apr 22 20:52:33 +0000 2022,-75.8001415,45.248791,Geez 2 dead Russian Oligarchs and their families murdered in a span of 24hrs. if I was an Oligarch I would get to P‚Ä¶ https://t.co/teXcEUEg2A
1517607313657507841,GeorgeLoper55,Fri Apr 22 20:52:34 +0000 2022,-79.179013,37.400955499999995,@Libertyville22 Amen sister.  Backing you up forever!
1517607314232156161,QMFQ_,Fri Apr 22 20:52:34 +0000 2022,-76.81407150000001,39.094586500000005,"dragon/koy fish tattoos are so fire, definitely would be me in another life lol"
1517607314307665922,ginya97,Fri Apr 22 20:52:34 +0000 2022,-83.00208549999999,42.295065,@scarvonhagen Figured it out!
1517607313544204290,TopekaHoward,Fri Apr 22 20:52:33 +0000 2022,-94.5592815,39.1000485,"Excited and stimulated with Game design panel. @PlanetComicon. With Carlos Hernandez, CSE Cooney, Alana Joli Abbott‚Ä¶ https://t.co/zzqs6gneZE"
1517607316270587904,CHSEnviroSci,Fri Apr 22 20:52:34 +0000 2022,-94.8276865,39.758329,"In Maryville, MO in 2002-03 I paid $50 / month (you read that right, fifty) in rent. Rent was $400 total; We paid $‚Ä¶ https://t.co/FKbTnvNFh5"
1517607317411442695,alyssapaige25,Fri Apr 22 20:52:34 +0000 2022,-94.5592815,39.1000485,"‚ÄúI mean, isn‚Äôt happy hour any time?‚Äù Might be Johnny Depp‚Äôs most iconic and memorable line of all time."
1517607319621754881,cress_dale,Fri Apr 22 20:52:35 +0000 2022,-82.6694675,40.365159500000004,"@NakedTXAngel I don't hate them , but I would rather see your sexy painted toenails."
1517607320775233536,BoldIntDesign,Fri Apr 22 20:52:35 +0000 2022,-74.0226,40.7776,"Just posted a photo @ Union City, New Jersey https://t.co/DGuWnoG5Yq"
1517607321031135238,MattForMath,Fri Apr 22 20:52:35 +0000 2022,-77.0143985,38.898602999999994,But maybe he‚Äôs still with me‚Ä¶
1517607321521827843,93tillsteez,Fri Apr 22 20:52:35 +0000 2022,-85.7223455,38.195555,@TheRealDisco Thoughts on the Johnny Depp stuff??
1517607322146811908,BetsyMit1963,Fri Apr 22 20:52:36 +0000 2022,-84.8080255,34.7736245,@joncoopertweets No; she's that dumb.
1517607322474151936,AfricanCaptains,Fri Apr 22 20:52:36 +0000 2022,-83.099288,42.3527865,I'm going upstairs
1517607322020941824,xjuanmillx,Fri Apr 22 20:52:36 +0000 2022,-100.0768885,31.1688935,See you soon Fort Worthüê∏ #RigfRam23 #GoFrogs #SpringGame @TCUFootball @TCU_GOFROGS https://t.co/xmUZPVEIDT
1517607324336144384,SpeakThenThink,Fri Apr 22 20:52:36 +0000 2022,-80.9688075,34.040213,@CultureCrave @THR Sucks for Saudi Arabia
1517607324529176576,JoshDaWay,Fri Apr 22 20:52:36 +0000 2022,-96.8917385,33.079014,Beware of Brief Delight &amp; Lasting Shame
1517607323966918656,SugarsSeattle,Fri Apr 22 20:52:36 +0000 2022,-122.3306025,47.614817,Let‚Äôs enjoy #EarthDay22 @SugarsSeattle ! Open daily 10am-2:30am and is located at 10338 #Aurora Ave N in #Seattle‚Ä¶ https://t.co/ZSt5taOI5A
1517607326852599809,justinesafagjk,Fri Apr 22 20:52:37 +0000 2022,-121.172848,38.667887,@emoviolent LMAOOOOO YOU GOT THAT RIGHT üòÆ‚Äçüí®
1517607326936616960,danwarren6,Fri Apr 22 20:52:37 +0000 2022,-79.2725695,43.629311,@VSKMakeup @JoeShedler @CareySpeirs @fakenewsshater Most likely one of those guys . Just looking for attention. Ove‚Ä¶ https://t.co/GsIIrvUNAU
1517607326798462977,SkydiveMike,Fri Apr 22 20:52:37 +0000 2022,-81.5552597,30.26220322,"I'm at Se√±or Loco in Jacksonville, FL https://t.co/oj3AvvWNv9"
1517607326303371270,CecilWebsterMD,Fri Apr 22 20:52:37 +0000 2022,-71.0887125,42.3136695,Did I break my glasses last week? Yes. Tragedy. But did I get a new pair? Obviously. Is it giving psychoanalyticall‚Ä¶ https://t.co/FZA9wh2lTx
1517607326433394690,DawnStevensFox9,Fri Apr 22 20:52:37 +0000 2022,-93.3407565,45.108095500000005,"Some people call it #funfriday, I call it ‚ÄúBest Friday ever‚Äù I got out of bed at 7am to find my daughter made BY HE‚Ä¶ https://t.co/69mbwfdZAc"
1517607327964315657,_Kinky_Kisses,Fri Apr 22 20:52:37 +0000 2022,-73.9685415,40.780709,@zxnai_ Not my fault but it is a good show üòå https://t.co/EqOQf4rFW0
1517607329503580161,JaseTxRi,Fri Apr 22 20:52:37 +0000 2022,-71.319225,41.74099,@FreeBeacon Making up percentages to credit w/e the case you're tryna make is always fun.
1517607328832446464,TheKimClub,Fri Apr 22 20:52:37 +0000 2022,-85.666191,43.05441999999999,"@jlknipper üòÇ ""Shane's"" is killing me https://t.co/q64TPOTrTv"
1517607330174541827,careerxprt,Fri Apr 22 20:52:37 +0000 2022,-121.43938349999999,38.410427999999996,@Klocke_Mike @thesnews @chrissolari ü§© That is so cool Mike!
1517607330539618304,Wolverinelady50,Fri Apr 22 20:52:38 +0000 2022,-82.20274599999999,28.3668725,@RealHughJackman on Google they said about you today that you are Gay! üòÇand I said ‚Äúoh get over it you just want hi‚Ä¶ https://t.co/L9GQb5cLA5
1517607330266767361,azmat_gill,Fri Apr 22 20:52:37 +0000 2022,-122.054754,37.581615,Jumma prayers https://t.co/w9842vz4Ri
1517607332552888320,livepublicly,Fri Apr 22 20:52:38 +0000 2022,-80.2497725,26.270260999999998,My ex agent put out a message while i was live - f her ‚Ä¢ #internetbug @DHSgov
1517607331697147906,bonniemaysTop25,Fri Apr 22 20:52:38 +0000 2022,-85.5996,38.2399,The Casper Group  would love to show you the #listing at 603 Bedfordshire Rd #Louisville #KY  #realestate‚Ä¶ https://t.co/4JllfZs413
1517607332754116609,Tom4nash,Fri Apr 22 20:52:38 +0000 2022,-82.7553405,27.9927105,@LoViLu @ReallyActivist It's no wonder why she fought so hard to keep it from being televised.
1517607333450317824,CharlesAaronT23,Fri Apr 22 20:52:38 +0000 2022,-112.345978,43.1903,@MeidasTouch My hell! I'm sick and tired of the persecution complex that both @realDonaldTrump &amp; @RepMTG both have.‚Ä¶ https://t.co/wAEDDLewSv
1517607332888203264,MariatJibril,Fri Apr 22 20:52:38 +0000 2022,-123.123581,49.257639,Thrilled to join @Startup_Canada  as a Mentor. Looking forward to engaging woman-identified entrepreneurs who seek‚Ä¶ https://t.co/XImCo2oYl2
1517607334364729345,VOJay_Pgh,Fri Apr 22 20:52:38 +0000 2022,-79.9806895,40.431388999999996,The Veteran Who Founded We Build The Wall Pleaded Guilty To Fraud And Agreed To Pay Back More Than $17 Million‚Ä¶ https://t.co/onEOMdjTvS
1517607334175936513,ChrisD_MMA,Fri Apr 22 20:52:38 +0000 2022,-157.799589,21.3199435,Lando Vannata looks like Ben Kingsley. #UFCVEGAS52 https://t.co/6YFItpBOST
1517607334675197952,_tyronesand_,Fri Apr 22 20:52:39 +0000 2022,-78.657837,35.8439815,Ahhhh no comment to what Davina said rightttt weakkkk üôÑ #sellingsunset
1517607334637293569,derikv,Fri Apr 22 20:52:39 +0000 2022,-118.4119065,34.0207895,@marshamymarsha @GOPLeader @GOP @HouseGOP @SenateGOP @LeaderMcConnell @FoxNews Yup. The authors stated yesterday th‚Ä¶ https://t.co/e6pHdMvDtN
1517607335027482625,EvanWheaton,Fri Apr 22 20:52:39 +0000 2022,-76.919866,41.249412,Bot 1 | Montoursville has two runners on after a base hit to left field from AJ Llorente.
1517607335656673287,DarkBowler,Fri Apr 22 20:52:39 +0000 2022,-78.613697,35.690304999999995,Nothing like getting a message from your realtor saying that the last people to look at your house broke trim aroun‚Ä¶ https://t.co/nDAVQXG30r
1517607337338548224,thechaoticnewt,Fri Apr 22 20:52:39 +0000 2022,-79.3287885,42.435966500000006,"Dan told me I ""seem happier"" today"
1517607338106097664,theeaglesfan005,Fri Apr 22 20:52:39 +0000 2022,-82.985772,39.9946835,@ambermichelllle Well free definitely makes it a no brainer then ü§£
1517607338177269762,HellaADZ,Fri Apr 22 20:52:39 +0000 2022,-115.135165,36.0609645,@chapel_t Trying to do it all. Doing drais beach club tomorrow. Lol
1517607338705924098,goopeerr2,Fri Apr 22 20:52:39 +0000 2022,-93.1056485,44.9415155,if 10p gecs 2nd album is bad ill be so upset
1517607338697363456,tmj_NM_it,Fri Apr 22 20:52:39 +0000 2022,-103.2052272,34.4047987,"Join the HCSC team! See our latest Network Management / Provider Relations job openings, including ""Network Develop‚Ä¶ https://t.co/Sd1jJrGpaC"
1517607339968278528,winningponies,Fri Apr 22 20:52:40 +0000 2022,-84.6026,38.0739,"The results @ #Keeneland (R8) are in! We hit the $1 Super for $1,800! https://t.co/9GX0TDZCyj"
1517607342505930754,NefertitiUnited,Fri Apr 22 20:52:40 +0000 2022,-80.075358,26.7886775,"And for all the people in season 3 who were like ‚Äúwhere is Eve,‚Äù her screen time was there, you just didn‚Äôt feel he‚Ä¶ https://t.co/H0q8eyXHfC"
1517607343181099008,ValentiaMichael,Fri Apr 22 20:52:41 +0000 2022,-166.5996925,23.6913645,@msdeem9 So much has changed.
1517607343869026306,MotherSquid,Fri Apr 22 20:52:41 +0000 2022,-83.804475,27.698681999999998,desantis says he wants small gov &amp; freedom for all but picks a fight w a company that is without doubt Florida's la‚Ä¶ https://t.co/c55TQhmHcJ
1517607345873997826,IndivisibleInFL,Fri Apr 22 20:52:41 +0000 2022,-80.2497725,26.270260999999998,@jddavidson @cedar_golden They still talk about us too ‚ù§Ô∏è
1517607346247241728,pwd1139,Fri Apr 22 20:52:41 +0000 2022,-79.85736349999999,36.090396999999996,@GingerMermaid23 @FFTop10 @TugTuesdayTop10 @BestofBurnsDay2 @SirToAll @ChiveOnIowa @Chive_Iowa @theCHIVE Omg you ar‚Ä¶ https://t.co/ykj1f128xx
1517607347132289024,mike_e_kaye,Fri Apr 22 20:52:41 +0000 2022,-74.994539,39.847136500000005,"On @PFN365‚Äôs mock draft simulator, no less‚Ä¶"
1517607347300012033,MaryBethSXDX,Fri Apr 22 20:52:42 +0000 2022,-76.8678605,38.699453,If u can lay it down drama free I‚Äôm likely to fall in love
1517607346331074562,KeithMorehouse,Fri Apr 22 20:52:41 +0000 2022,-82.4398345,38.407664,Always good to visit with @MrGetFlee99 !He just signed a deal with @nyjets and he‚Äôs back for a weekend with‚Ä¶ https://t.co/JvT1BUIqFq
1517607348965195776,snowman4217,Fri Apr 22 20:52:42 +0000 2022,-86.2503435,39.7882845,@supermikeio 1 and 30 i believe
1517607351242608641,Donjohn999,Fri Apr 22 20:52:42 +0000 2022,-83.60180249999999,42.245713,Challenging CRT:https://t.co/mXN21544h4
1517607350999207936,49ersfangirl,Fri Apr 22 20:52:42 +0000 2022,-118.36964499999999,34.0870095,@mattbarrows I love Bambi https://t.co/zS6ZkpaQc6
1517607351410470920,TheRealBratP,Fri Apr 22 20:52:43 +0000 2022,-84.35244449999999,33.943456999999995,My cf go up früò≠
1517607352622411776,bummygoat,Fri Apr 22 20:52:43 +0000 2022,-118.4119065,34.0207895,Hey I know you don‚Äôt know me but I know this guy is going to be worth a lot of money one day and@you should invest‚Ä¶ https://t.co/XB7YRhwCZi
1517607353025191937,powHER_poetry,Fri Apr 22 20:52:43 +0000 2022,-78.8954405,35.9909825,"Come on, why are there black outs on the hottest day by far &gt;.&lt;"
1517607353138384896,kevinhoctor,Fri Apr 22 20:52:43 +0000 2022,-122.4359785,37.7706565,@PaolaNotPaolo Congrats! üéäüéâ
1517607353260068865,eduardomota_de,Fri Apr 22 20:52:43 +0000 2022,-74.044536,40.689261,#nyc #tour #statueofliberty #20grand #eduardomota #summer #blick #fotografie #foto #newyork @ Statue of Liberty Nat‚Ä¶ https://t.co/DZ8PaXbpTv
1517607355709636616,JDMoran_MT,Fri Apr 22 20:52:44 +0000 2022,-86.1429225,39.7795625,@BryanTweed16 Yep.  Pretty low key film but can watch it over and over.
1517607357085278208,NeutralGena,Fri Apr 22 20:52:44 +0000 2022,-87.732013,41.8335845,"i spilled on this one ,,, and suddenly saw a ton of shows where this was happening. very weird behavior tbh."
1517607357689249792,will6foot5,Fri Apr 22 20:52:44 +0000 2022,-75.117998,40.0048655,"@LivSexyNJ ok cool.I know some that hate him, but that‚Äôs not me. I just don‚Äôt care about him lol"
1517607359291478018,WizMonifaaa,Fri Apr 22 20:52:44 +0000 2022,-84.433106,33.7671945,I tell people all the time to not rush me or strategy. Like my brain is moving a mile a minute. I have to take mini‚Ä¶ https://t.co/AfNoLF4ePq
1517607359455055873,UnbearableLigh5,Fri Apr 22 20:52:44 +0000 2022,-73.9685415,40.780709,@ttwilson9659 @ThatEricAlper They just didn‚Äôt understand/have baseball.  It was funny.
1517607358893113345,CylonToes1_26,Fri Apr 22 20:52:44 +0000 2022,-73.9685415,40.780709,Always cling on too the stars that inspired you and made you ‚Äúoutsells shine out not shun out of sparkles . You spa‚Ä¶ https://t.co/a5kHwjo2yv
1517607359312453633,joanna626,Fri Apr 22 20:52:44 +0000 2022,-84.266174,30.476215500000002,@LeaderMcConnell your party https://t.co/YbEwCfUTBE
1517607360541433860,Quack_Im_A_Dog,Fri Apr 22 20:52:45 +0000 2022,-87.5334065,33.1966005,"I don‚Äôt know how to explain to conservatives that yes we want higher wages, yes we want prices to stay the same or‚Ä¶ https://t.co/XlmV7Ab4Eh"
1517607362596642816,nicole_dwight,Fri Apr 22 20:52:45 +0000 2022,-85.9785995,35.8305215,@uncledee114 Nothin else for me to say‚Ä¶üßÉ
1517607365113225216,boyDre_,Fri Apr 22 20:52:46 +0000 2022,-84.433106,33.7671945,@Roberts_Rules Thank u
1517607365775814656,choc_butterfli,Fri Apr 22 20:52:46 +0000 2022,-98.319925,38.498196,@maylodi Thank you
1517607365910147072,Coolstud243,Fri Apr 22 20:52:46 +0000 2022,-97.9598595,34.51291,Good Afternoon Twitter https://t.co/wb1SB8YjxT
1517607366669127681,Jdotcolombo,Fri Apr 22 20:52:46 +0000 2022,-118.4119065,34.0207895,@MajorShankEm @ArtHouseGarbage Addiction slander?
1517607365876588545,vydjones,Fri Apr 22 20:52:46 +0000 2022,-74.395798,39.385535,Beautiful sunny day ‚òÄÔ∏è69üå°‚òÄÔ∏è https://t.co/cNQajKdEwa
1517607367247994880,BaRbie_bRuHhh,Fri Apr 22 20:52:46 +0000 2022,-124.807192,49.243086,@goose_wizard Hell nah! Not in Edmonton anymore bruh! ;)
1517607367327715329,jcastrocastro,Fri Apr 22 20:52:46 +0000 2022,-107.3420565,24.6624885,@iCharlyLeon @poke107 Correcto Charly!!! üëçüèªüëçüèªüëçüèª
1517607368414011392,CrystalStarlite,Fri Apr 22 20:52:47 +0000 2022,-117.397616,33.935822,I love it when you see voice actors actually dress up and do live readings of their respective characters/roles. I‚Ä¶ https://t.co/jc3xmxWBUK
1517607369982676992,RetroDess,Fri Apr 22 20:52:47 +0000 2022,-117.104989,32.810012,Not the homeless man pointing a banana at everyone‚Äôs car like it‚Äôs a gun &amp; me being slightly panicked before I realized it was a banana üòÇüòÇüòÇüòÇ
1517607370779734018,StewardessChick,Fri Apr 22 20:52:47 +0000 2022,-78.85356300000001,42.896229500000004,@BuddyNoLove I see!
1517607371740114944,tmj_TN_transp,Fri Apr 22 20:52:47 +0000 2022,-84.2173403,35.9177396,"United Rentals is hiring in #Knoxville, TN! Click the link in our bio to apply: Driver, Fence Installation #Transportation"
1517607372595744768,kurtt406,Fri Apr 22 20:52:48 +0000 2022,-112.021045,46.597516999999996,What does #creepyjoebiden have to say or do to be relieved of the most important job on the planet? Do we really ha‚Ä¶ https://t.co/B5aJgYUCvH
1517607373745102849,HerniquaWare26,Fri Apr 22 20:52:48 +0000 2022,-95.44648649999999,29.838495,They say it‚Äôs because their younger they try to stay on their level
1517607374210551809,PeteyPablo623,Fri Apr 22 20:52:48 +0000 2022,-119.165389,34.181956,@TMobileHelp Ok! Hope you post news as soon as you get it. I'm looking forward to a better display and more ram in‚Ä¶ https://t.co/CerAh74hsC
1517607373065621504,rayteodora1,Fri Apr 22 20:52:48 +0000 2022,-73.7994935,41.669921,RBI single Connor Lynch and @Rckbaseball1 leads 1-0. 1 out T1 https://t.co/QkC1mDiwZR
1517607373959008265,iwaspoisoned_,Fri Apr 22 20:52:48 +0000 2022,-95.3698028,29.7604267,"Lucky Charms - Houston, Texas - Lucky Charms CerealI ate a bowl of Lucky Charms cereal at 10 a.m. on April 14 and‚Ä¶ https://t.co/wgmt4tbOti"
1517607373946380288,MarisolLords,Fri Apr 22 20:52:48 +0000 2022,-82.3302695,29.673171500000002,@LosingColor My brows they‚Äôre gone ü§£ü§£ü§£ https://t.co/my5slRhmGk
1517607375292620800,spunkkpunk,Fri Apr 22 20:52:48 +0000 2022,-118.4119065,34.0207895,Would be great if someone‚Äôs beard was shoved between my cheeks rn https://t.co/zWScwsJOLf
1517607376626585601,SHBueche,Fri Apr 22 20:52:49 +0000 2022,-97.754724,30.323345500000002,@mariana057 Whoa great ?!
1517607376836304901,debourbonhorto1,Fri Apr 22 20:52:49 +0000 2022,-82.7425825,27.822598499999998,@Beautifulpup1 What a gorgeous dog
1517607377259823104,tmj_MD_transp,Fri Apr 22 20:52:49 +0000 2022,-75.5993692,38.3606736,"MATHESON is hiring in #Salisbury, MD! Click the link in our bio to apply: Package Gas Driver 1 - Salisbury #Transportation"
1517607376584650752,andymcfayden,Fri Apr 22 20:52:49 +0000 2022,-97.256632,37.5505705,@joannachadwick @katie_carlson @thomaspshine @tayloreldridge Thank you for having us @joannachadwick! Such an amazi‚Ä¶ https://t.co/sQuif4RnNv
1517607378681835521,_jonnymo_,Fri Apr 22 20:52:49 +0000 2022,-71.683502,42.036939000000004,@brydisanto @wolfdotgame THE KID
1517607378816016386,Q_RomieRome,Fri Apr 22 20:52:49 +0000 2022,-92.342322,34.721886,@allelbows @AngieOverkill @mikequasar may know of someone who knows someone? Or possibly @Cybill_Troy may know ppl‚Ä¶ https://t.co/LUE5b9pg9R
1517607379390455808,ljhoganson,Fri Apr 22 20:52:49 +0000 2022,-121.75627850000001,38.675018,@vodaeau @PreetBharara Is this the same MTG who strongly asserted that ‚Äúpeaceful transfer‚Äù (here she uses air quote‚Ä¶ https://t.co/W5Deod7KgH
1517607381932380161,Kevo_Bevo,Fri Apr 22 20:52:50 +0000 2022,-87.3221685,36.5509835,Staying up til midnight to see the boys score 1 run is some maniacal shit
1517607382360150016,joshuaLyndell_,Fri Apr 22 20:52:50 +0000 2022,-93.80943400000001,32.461107,@Diaryof_JLove I told you Ms. PG rated ü§∑üèæ‚Äç‚ôÇÔ∏èü§¶üèæ‚Äç‚ôÇÔ∏èüòÇ
1517607382423158785,Mr_Buttersworth,Fri Apr 22 20:52:50 +0000 2022,-85.543011,38.238400999999996,https://t.co/euuv3jBRgG Must watch content. Roman Reigns single handedly knocks me out. Enjoy
1517607383316369408,gabor,Fri Apr 22 20:52:50 +0000 2022,-122.4359785,37.7706565,Is it rude to eat or drink during a work Google Meet / Zoom 1:1 call?
1517607384533057536,javierrxcx,Fri Apr 22 20:52:50 +0000 2022,-96.347781,30.6658585,They are the reason I believed I was straight
1517607384289628165,nhoustonhustle,Fri Apr 22 20:52:50 +0000 2022,-95.17400599999999,30.154423,"17u National Roster &amp; Schedule for @bigfoothoopsxl ‚ÄúSession II‚Äù in Houston, TX 4/22-24. For complete schedules, sta‚Ä¶ https://t.co/Au9tRS4qMC"
1517607384948129793,Mitch___Picks,Fri Apr 22 20:52:51 +0000 2022,-80.1491725,26.150368,"@SpacTraderInTra Don‚Äôt even try debating me on it, you won‚Äôt."
1517607385723940864,TAjbslc,Fri Apr 22 20:52:51 +0000 2022,-122.4359785,37.7706565,Happy Earth Day! üåé https://t.co/P9C4A31fyf
1517607386680152064,mykeyb420,Fri Apr 22 20:52:51 +0000 2022,-122.4359785,37.7706565,@DocTucson Duane Chapman Dog The Bounty Hunter
1517607386705534977,sdbuccia,Fri Apr 22 20:52:51 +0000 2022,-86.91969236,33.33705077,"I'm at Regions Bank - @askregions in Bessemer, AL https://t.co/YPrRfv8cPf"
1517607386692956161,VPsalesBD,Fri Apr 22 20:52:51 +0000 2022,-86.13244850000001,39.9632495,@BreeUnderhill_ That‚Äôs a lot of pee https://t.co/5BD463ljbR
1517607387456319495,IAmRashardH,Fri Apr 22 20:52:51 +0000 2022,-87.9519485,41.837267,@Chicago_Scanner Load up the crew üòÇ https://t.co/OU7vEpm0AP
1517607388269981696,playinnice20,Fri Apr 22 20:52:51 +0000 2022,-80.1491725,26.150368,@DominicVainXXX @VikVortex Sexy AF
1517607388366270464,RidiculousJohn,Fri Apr 22 20:52:51 +0000 2022,-122.3306025,47.614817,@KevinTemmer You don't want to gain an instant billion dollars by giving teenagers plushies. Truly an inspirational puppet master.
1517607389205344261,Kamie_Kazie,Fri Apr 22 20:52:52 +0000 2022,-74.967426,24.859544,Just posted a photo @ Harmony Of The Seas https://t.co/fv1TXMnhlm
1517607389591130118,McKJeffrey,Fri Apr 22 20:52:52 +0000 2022,-86.1429225,39.7795625,"Check out ""Love Is In The Air"" by Jeffrey McKinney - https://t.co/4uatnwLG16 @AboutJazzTime1 @smoothjazzweek1‚Ä¶ https://t.co/Qio4oT0ww8"
1517607389859569665,sashathumpa__,Fri Apr 22 20:52:52 +0000 2022,-84.541562,33.588263,My gma birthday is Sunday n idk what to get her. She has everything.
1517607390388101120,KimFlyershockey,Fri Apr 22 20:52:52 +0000 2022,-74.4372135,39.36451,@RealRocket22 Omg shocked
1517607391159853058,davidejohnsonjr,Fri Apr 22 20:52:52 +0000 2022,-89.92202900000001,35.1335205,@FiveTwenty_Co Thank you!!
1517607391679979521,ThePxssy,Fri Apr 22 20:52:52 +0000 2022,-83.1738665,32.6782075,Idc how much I love you Amir come first üòÇüòÇüòÇü§£ I‚Äôll be celebrating that shit 25 years from now! Nobody felt that shit but me
1517607392451641346,Rebekah51849659,Fri Apr 22 20:52:52 +0000 2022,-80.59377,28.1434585,I can‚Äôt stand people that act like they are too good for firehouse subs. It‚Äôs fucking good
1517607393500225536,carolburnsie,Fri Apr 22 20:52:53 +0000 2022,-87.732013,41.8335845,ENT doc is 90% sure I have a rare autoimmune disease called relapsing polychondritis.10-year survival rate of 55%. Mixed feelings rn
1517607393684688896,pipmcnulty,Fri Apr 22 20:52:53 +0000 2022,-122.4359785,37.7706565,@ronanpaul Proud of you ‚ù§Ô∏è‚ù§Ô∏è‚ù§Ô∏è
1517607393705799680,_ABarbinBK,Fri Apr 22 20:52:53 +0000 2022,-73.9487755,40.655138,I just wanna know how y‚Äôall find out y‚Äôall can do this.
1517607393697402880,safdar48,Fri Apr 22 20:52:53 +0000 2022,-71.2336905,42.060649,Courts are waiting till all needs to be full filled.#ÿßŸÖŸæŸàÿ±Ÿπ⁄à_ÿ≠⁄©ŸàŸÖÿ™_ŸÜÿßŸÖŸÜÿ∏Ÿàÿ±
1517607393445629952,adamj_griff,Fri Apr 22 20:52:53 +0000 2022,-118.3783,34.092425,Shorts shorter than my attention span üíô https://t.co/6368vdh6k3
1517607394242555906,RonaldR16528860,Fri Apr 22 20:52:53 +0000 2022,-111.931711,34.1682535,@RoArquette Most definitely https://t.co/uGueGyOwsQ
1517607395161260038,orlandoribbons,Fri Apr 22 20:52:53 +0000 2022,-81.393653,28.6648035,"With opening the new shop in June, I‚Äôm not going to have time to make #OrlandoRibbons. So right now, any ‚Äúexcess ti‚Ä¶ https://t.co/xLpcWkrckL"
1517607397421985793,hegotgame__10,Fri Apr 22 20:52:53 +0000 2022,-82.315076,28.040897,That money be all good but that credit special wish I would‚Äôve knew that growing up
1517607397447155714,prettyCIC,Fri Apr 22 20:52:53 +0000 2022,-92.13127399999999,34.7519365,Homophobia really be showing in the way y‚Äôall talk to certain people in these spaces and I will never fuck with tha‚Ä¶ https://t.co/BniKvC7PdI
1517607398256566272,wedagods,Fri Apr 22 20:52:54 +0000 2022,-89.92202900000001,35.1335205,He made them look lame by not joining in üòÇ
1517607395647709184,trophyguy,Fri Apr 22 20:52:53 +0000 2022,-75.77004099999999,42.746617,Hmmm. Wonder what the heck this will be. It's next in the cue. https://t.co/eCTKHJLuKE
1517607397526839297,weeklywheelnews,Fri Apr 22 20:52:54 +0000 2022,-84.3064885,33.9430725,LOOK!!! It‚Äôs @leaf_cast!!! üòÇü§£üòÇü§£üòÇ #jordancon2022 https://t.co/tQ1H8tmaDT
1517607398470565888,ellexreader,Fri Apr 22 20:52:54 +0000 2022,-83.804475,27.698681999999998,@erensdrawls help https://t.co/Aqj276xPaA
1517607398562844678,KidsUnlocked,Fri Apr 22 20:52:54 +0000 2022,-84.433106,33.7671945,Amora ‚Ä¢ 5 Months ‚Ä¢ African American ‚ô•Ô∏è‚¨áÔ∏è FEATURES ‚¨áÔ∏èhttps://t.co/Y9y5gZ6kS6CashApp - $KidsUnlockedIGVenmo - Kid‚Ä¶ https://t.co/hbInD96xkp
1517607399242223617,boomgiio1,Fri Apr 22 20:52:54 +0000 2022,-83.1738665,32.6782075,#ASUTwitter  nuff saidüî•üî•ü§© https://t.co/32IqeutLKR
1517607401066795008,beatrizx97,Fri Apr 22 20:52:54 +0000 2022,-87.9314125,42.0624705,One of my life dreams would be able to go to Chernobyl
1517607401712664577,KareemRevived,Fri Apr 22 20:52:55 +0000 2022,-83.1738665,32.6782075,Oh she is MOTHER
1517607401318498305,pumphaith,Fri Apr 22 20:52:54 +0000 2022,-79.85736349999999,36.090396999999996,Who can I stretch out ?  üçÜ  #336freak #bbc #thickdick #ebony #teen https://t.co/f9v2IzfiNr
1517607403004571655,thelydster81,Fri Apr 22 20:52:55 +0000 2022,-85.7682405,37.822244,"While people are bitching about planes, politics, and whatever the f else is making their lives miserable,‚Ä¶ https://t.co/CdYTa2fV5j"
1517607403499360256,MingwLee,Fri Apr 22 20:52:55 +0000 2022,-123.13083649999999,49.1742415,"I have a question for my fellow era, do you want me to speak more in my language than English?Mine is Cantonese, N‚Ä¶ https://t.co/2GKs9KFOiL"
1517607405072310276,genedelledonne,Fri Apr 22 20:52:55 +0000 2022,-75.3864605,39.1450235,"@NateRayDE89 knows how to utilize a spring break vacation. Visit schools, meet coaching staffs, create a positive b‚Ä¶ https://t.co/LIByut7dIV"
1517607406792069120,mikey_b1977,Fri Apr 22 20:52:56 +0000 2022,-81.2487865,42.9488405,This here is for all of us who manage teams!!! Be a mentor not a micro manager
1517607407152676864,TrippyMata,Fri Apr 22 20:52:56 +0000 2022,-97.1691565,31.547449,Pull up actin
1517607406380986368,Antlers_Basebll,Fri Apr 22 20:52:56 +0000 2022,-96.053431,41.275721000000004,"Final from Thursday:Elkhorn - 9Mount Michael - 5WP: @Ayala09Ben - 6 IP, 7H, 2 ER, 8 K‚Äôs@CooperFedde - 2H, R,‚Ä¶ https://t.co/jWyxm9uFNX"
1517607407807041537,FatDaddyCo,Fri Apr 22 20:52:56 +0000 2022,-86.1429225,39.7795625,"Hell nah. We may have disagreements, and keep it pushing"
1517607409396502528,rayrynofan,Fri Apr 22 20:52:56 +0000 2022,-106.7374385,32.342299499999996,"@GeoffGrammer ""MMMMM...McBeer."" - Homer Simpson voice https://t.co/WlLac8Apnr"
1517607410701012993,roxiecerr,Fri Apr 22 20:52:57 +0000 2022,-117.990805,33.9247355,Honestly cutting out alcohol has really made me feel better!! Here and there I‚Äôll have a beer but nothing like befo‚Ä¶ https://t.co/NTAaK4cNxT
1517607411661504512,troypac,Fri Apr 22 20:52:57 +0000 2022,-104.787092,41.1352835,@PJC49ers Thank you Paul!! I appreciate that.
1517607412370329601,timodock,Fri Apr 22 20:52:57 +0000 2022,-85.12604,35.05856,So happy for these two and all they have already accomplished since coming to Variant and USX. It has been a blast‚Ä¶ https://t.co/RF5YNhqPfi
1517607413959979008,tmj_NJ_it,Fri Apr 22 20:52:57 +0000 2022,-74.129032,41.0414857,"Cognizant is hiring in #Allendale, NJ! Read about our latest #IT job opening via the link in our bio: ServiceNow CMDB Specialist"
1517607414912065537,anthonyramey5,Fri Apr 22 20:52:58 +0000 2022,-118.4119065,34.0207895,MTG IS FINDING OUT THAT AD-LIBBING AND BEING QUESTIONED UNDER OATH ARE TWO VERY DIFFERENT THINGS https://t.co/10gkTZXz48
1517607416170381313,that1artist,Fri Apr 22 20:52:58 +0000 2022,-117.1195165,33.501021,@noowaayyjose No thanks.
1517607416455516160,mazevedo05,Fri Apr 22 20:52:58 +0000 2022,-121.75627850000001,38.675018,"@_BlakeDerrick @BatsonBBall @InsiderExposure @Elite80WBB @coachkent02 Maggie Azevedo, Pioneer HS, Woodland, CA. PH:‚Ä¶ https://t.co/2A9ivKiTpr"
1517607416791289856,KellyStrayer1,Fri Apr 22 20:52:58 +0000 2022,-76.964703,35.0718745,"I'm a 56 yr old, post-menopausal woman.Do I still have rights over my own body?"
1517607416585719808,tmj_hsv_pharm,Fri Apr 22 20:52:58 +0000 2022,-86.5705508,35.1520266,"If jobs with titles like ""Biomedical Technician I"" sound appealing to you, follow us to hear about these types of o‚Ä¶ https://t.co/oli0nZSJbf"
1517607417529257984,tmj_phl_constru,Fri Apr 22 20:52:58 +0000 2022,-75.1652215,39.9525839,"Don't submit then quit. Apply for jobs like ""Resilience/Climate Adaptation Planner (Philly)"" at Tetra Tech, then lo‚Ä¶ https://t.co/kLt54gHpGV"
1517607417889972225,tmj_aus_edu,Fri Apr 22 20:52:58 +0000 2022,-97.8835763,30.5983229,"Can you recommend anyone for this job? 2022/23 High School Counselor - https://t.co/EB2OWgzb7s #k12 #Leander, TX"
1517607418146050050,tmj_NVT_secure,Fri Apr 22 20:52:58 +0000 2022,-119.8138027,39.5296329,"Our relationships are at the heart of everything we do, each and every day. Allied Universal is looking to hire tea‚Ä¶ https://t.co/DAm7bHIIO4"
1517607417789353986,ac_perez81,Fri Apr 22 20:52:58 +0000 2022,-120.47181,37.316222499999995,I think we clean up nicely. üôÉ@CeLiiiCakes https://t.co/bz3Rv3xKL6
1517607418468855808,justinesafagjk,Fri Apr 22 20:52:59 +0000 2022,-121.172848,38.667887,@countbussy Thank u love ü•∞ what shoes did you end up getting
1517607418758270977,AlfredLewislll,Fri Apr 22 20:52:59 +0000 2022,-118.4119065,34.0207895,@paytonmmusic Happy birthday Taurus sistaaa!!!
1517607418993201156,buzztwins,Fri Apr 22 20:52:59 +0000 2022,-80.8467855,35.209058999999996,@hornets Go get @MarkJackson13
1517607420616495106,njai52,Fri Apr 22 20:52:59 +0000 2022,-95.6316895,29.603464000000002,@ReverendDubstep YOU LOOK GOOD!
1517607420876447747,alvareznyc,Fri Apr 22 20:52:59 +0000 2022,-74.00182653,40.75711774,They‚Äôre such good listeners üôÑ @ New York International Auto Show https://t.co/xXrhfOc9tN
1517607420742168577,tmj_IAD_transp,Fri Apr 22 20:52:59 +0000 2022,-93.6091064,41.6005448,"We're hiring! Click to apply: Parts Delivery - https://t.co/FTRNHez4CH #DesMoines, IA"
1517607421421801474,breadleypasta,Fri Apr 22 20:52:59 +0000 2022,-73.9685415,40.780709,wait the netflix adaptation of heartstopper is the most wholesome thing oh my god
1517607421681844230,SOTAwatch,Fri Apr 22 20:52:59 +0000 2022,-113.5111,35.2933,"20:52 KR7RK (Keith) on W7A/NM-023 (Cottonwood Mountains HP, 2021m, 8 pts) 24.892 CW [KR7RK]"
1517607422868697088,AAguilarTV,Fri Apr 22 20:53:00 +0000 2022,-119.7824645,36.786041999999995,"@KristenRary Yes, double-knots are the best."
1517607424039038976,JSGreer731,Fri Apr 22 20:53:00 +0000 2022,-87.843186,30.629936,"On June 24, 2020 I successfully defended my doctoral dissertation. Nearly a year later, I came for my hooding cerem‚Ä¶ https://t.co/lHGjETfvwa"
1517607427721641986,MeekiLove04,Fri Apr 22 20:53:01 +0000 2022,-79.861034,35.1704985,@JamesCheef @ashleyxxdancer Selfishness
1517607425968386051,LILKASHKIDD,Fri Apr 22 20:53:00 +0000 2022,-71.02677449999999,42.0845665,Strawberry mango banana smoothie https://t.co/g0XgYhdXyi
1517607428422053889,LisaOReaves202,Fri Apr 22 20:53:01 +0000 2022,-77.0143985,38.898602999999994,@Metrobusinfo Metrobus 3279 H8/Rhode Island Avenue allowed passengers to board the bus before the stop at 14th &amp; Ir‚Ä¶ https://t.co/Aba9DeDGaz
1517607429088763905,Provoite,Fri Apr 22 20:53:01 +0000 2022,-111.67178899999999,40.2486455,@Swilua It just needs to be refinished.
1517607428933799936,ProfGuyHarrison,Fri Apr 22 20:53:01 +0000 2022,-73.723025,45.557830499999994,I have enjoyed at #NASSS2022 (and missed these past few years) the conversations b/w sessions and all the other thi‚Ä¶ https://t.co/6gDo5yL6H8
1517607429596450819,TheLotWanderer,Fri Apr 22 20:53:01 +0000 2022,-87.7547855,41.609234,I havent been this excited to attend a sporting event in a long long long time
1517607430330322945,pdxpolicelog,Fri Apr 22 20:53:01 +0000 2022,-122.680881,45.530609,"UNWANTED PERSON at 1000 NW 10TH AVE, PORT [Portland Police #PP22000106589] 13:23 #pdx911"
1517607430607278082,bluto395,Fri Apr 22 20:53:01 +0000 2022,-83.804475,27.698681999999998,"It took awhile to stop but whoever signed me up for Hillsdale College mailers, your time is coming."
1517607431865606145,robwilson1969,Fri Apr 22 20:53:02 +0000 2022,-75.11227,38.3385705,Dumb as a fing box of rocks.
1517607432381296640,ArlieRhodes,Fri Apr 22 20:53:02 +0000 2022,-122.70194900000001,44.3989445,@pulte I need $500 for a blood glucose monitor and supplies $ArlieRhodes
1517607432859660297,storm_spotter_K,Fri Apr 22 20:53:02 +0000 2022,-93.4813445,41.6452855,Maybe this will finally age well this summer...
1517607433652211712,Weeklyvoice,Fri Apr 22 20:53:02 +0000 2022,-79.7164011,43.7742911,ITC to invest in D2C community-commerce brand Mylo https://t.co/gMpYX8gNb2 #Business #BusinessNews
1517607433899753472,worldtrotter42,Fri Apr 22 20:53:02 +0000 2022,-70.29254499999999,43.696187,@zyxnix my parents. its the way you think. thats an odd question
1517607432029147137,CamiDRyan,Fri Apr 22 20:53:02 +0000 2022,-90.64984949999999,38.500901999999996,Happy #EarthDay2022 from Missouri! #FriYay https://t.co/edsiMJYRn4
1517607434507988992,theshowrocker,Fri Apr 22 20:53:02 +0000 2022,-83.1738665,32.6782075,I just decided to go on social lockdown.Im not talking to no one till yall properly respect my craft. im not talk‚Ä¶ https://t.co/iXNOfiiaO4
1517607435309047811,ava_no1,Fri Apr 22 20:53:03 +0000 2022,-86.1429225,39.7795625,9/10 they‚Äôre like 90% serious
1517607435766321153,TiffanyStarrXXX,Fri Apr 22 20:53:03 +0000 2022,-71.326858,42.636248,Love without evidence is stalking.
1517607435728478209,suttonimpaQt,Fri Apr 22 20:53:03 +0000 2022,-90.1786295,30.001244,Straight outta river monsters
1517607435586125824,techhnoir,Fri Apr 22 20:53:03 +0000 2022,-122.4359785,37.7706565,Cannot keep allowing this https://t.co/Ozq9vdyDkb
1517607435984412673,OldManGweedo,Fri Apr 22 20:53:03 +0000 2022,-86.791549,36.200008,"@dantes_belmont This is what I use for work Logitech ERGO M575 Wireless Trackball Mouse - Easy thumb control, preci‚Ä¶ https://t.co/NhuVPdEiS6"
1517607436294627328,Voider909,Fri Apr 22 20:53:03 +0000 2022,-117.17357100000001,34.052873500000004,@HailRodgers12_ Funny lol üòÇ he said Green Bay didn‚Äôt wanna pay TAE üíÄ
1517607436441509888,HerniquaWare26,Fri Apr 22 20:53:03 +0000 2022,-95.44648649999999,29.838495,Sale my songs they have make you some money üéâ
1517607436768714753,SmitsStefaan,Fri Apr 22 20:53:03 +0000 2022,-79.8374685,40.398358,@NoContextBrits Snor Snorrery
1517607439197122567,madeastwood,Fri Apr 22 20:53:03 +0000 2022,-111.88024,40.688518,"i‚Äôm buying Doc martens today, it‚Äôs been a rough morning"
1517607439956426754,ReneeKr58724227,Fri Apr 22 20:53:04 +0000 2022,-71.4356815,42.305097,@business DeSantis is on an ego trip &amp; trying to show how much power he has. He has created this distraction intent‚Ä¶ https://t.co/hTxpwm6oGl
1517607440161849346,CP_MCBC,Fri Apr 22 20:53:04 +0000 2022,-75.4505157,40.5906029,Drinking an One Hop Wonders - Johnny Cashmere by @mccallcobeer @ McCall Collective Brewing Co. ‚Äî https://t.co/QB2IMEoykA
1517607440363175940,LameOLaci,Fri Apr 22 20:53:04 +0000 2022,-75.117998,40.0048655,@GodR1KO This video pisses me off every time. A damn baby Karen. An evil one too.
1517607441189416960,Orange_Papers,Fri Apr 22 20:53:04 +0000 2022,-122.9577695,45.3059605,Oops!
1517607441613180929,WalkableAustin,Fri Apr 22 20:53:04 +0000 2022,-97.754724,30.323345500000002,"@Shannon_krs @TheATX1 The non-profit who designed, built and owned it disagreed with you."
1517607441512509445,QCJms,Fri Apr 22 20:53:04 +0000 2022,-71.1240525,48.3782825,"@Gab_H_R Get vaccinated, Carry on with normal life."
1517607442292649986,sergiyakun,Fri Apr 22 20:53:04 +0000 2022,-80.3046625,25.857732,Did Twitter layout change?
1517607442363957251,alison_bologna,Fri Apr 22 20:53:04 +0000 2022,-71.378008,41.877246,@chelseawnews @NBC10 @newenglandemmy üíõ Chelsea üíõ
1517607442284093440,navhazard88,Fri Apr 22 20:53:04 +0000 2022,-122.6557945,47.4939445,A bunch of free capital to buy an electric car to beat the gas prices. üò¨ü§£ https://t.co/mbiw9ZlMxF
1517607444205248512,OConnorScience,Fri Apr 22 20:53:05 +0000 2022,-100.0768885,31.1688935,Sometimes #middleschool students are wildlings and sometimes they leave you notes on the board. #teacher https://t.co/BzmdfqoGac
1517607445052469248,TreyyBoFrFr,Fri Apr 22 20:53:05 +0000 2022,-97.75384,31.0793065,"Still Omw , Let it be Known, &amp; Be Forreal üî•üî•üî•"
1517607443785728007,JohnHenryWUSA,Fri Apr 22 20:53:05 +0000 2022,-77.0143985,38.898602999999994,Three ambulances just got here to Connecticut at Van Ness. No activity from them yet. (@wusa9) https://t.co/rTv7FOpmjB
1517607445752856576,alypark__,Fri Apr 22 20:53:05 +0000 2022,-95.12714249999999,29.52619,always looking for people to help with the music aspect of rhythm n burn.. ü´£üì≤ even if you just wanna hear the playl‚Ä¶ https://t.co/WarSAoT5Xt
1517607446335967232,JenetteSkinCare,Fri Apr 22 20:53:05 +0000 2022,-118.2445,34.0564,"Just posted a photo @ Los Angeles, California https://t.co/uAxrjw7z32"
1517607445400473601,Drekioo95,Fri Apr 22 20:53:05 +0000 2022,-117.104989,32.810012,Lil Weirdo üòÇüòÇüòÇüòÇüòÇüòÇüòÇüòÇLmfaoooooooooooo Lmfaoooo I Want No Smoke Toddler https://t.co/JYgw4TCJCc
1517607447656996864,slg6350,Fri Apr 22 20:53:05 +0000 2022,-119.210103,39.600621000000004,"@Cassandra909 The Kelly Clarkston song, ""Stronger""üé∂ is playing in my head!"
1517607449209057288,Chvunceyy,Fri Apr 22 20:53:06 +0000 2022,-94.5592815,39.1000485,I needa start hoopin to get in shape too. Where are the open gyms in KC Mo?
1517607449334673409,Pupusa_Salada,Fri Apr 22 20:53:06 +0000 2022,-119.30660750000001,37.2691755,@sarah__jewel Not a bad thing‚Ä¶
1517607449615814657,krazii_geniius,Fri Apr 22 20:53:06 +0000 2022,-81.3677725,28.501678499999997,Definitely riding this new wave.
1517607450790318082,jedgarnaut,Fri Apr 22 20:53:06 +0000 2022,-87.846586,41.8239535,Need three top fives to get into college
1517607450781929482,raypadgett11,Fri Apr 22 20:53:06 +0000 2022,-77.60468399999999,41.1179365,@Jeffmillenb happy Heavenly birthday to your mom ‚ù§üôè
1517607452862259200,CWHarris7,Fri Apr 22 20:53:07 +0000 2022,-87.732013,41.8335845,Do you have an umbrella?
1517607453629812736,yungwildandemo,Fri Apr 22 20:53:07 +0000 2022,-75.1602125,39.8054115,@poppinsampagne ima be at da filmore i can give you your special ziggy beer
1517607457593253889,jrrickard,Fri Apr 22 20:53:08 +0000 2022,-104.789327,38.8885185,Exceptional fire danger for two days and a fire really close to homes and the interstate. Wish we would get some Ap‚Ä¶ https://t.co/hXPxhcFng1
1517607458222583808,BekahDivine,Fri Apr 22 20:53:08 +0000 2022,-87.704817,30.5527135,@daelmor @elonmusk @28delayslater @blueskykites @DimaZeniuk @SirineAti @MFrunker @LaurenRow5 @Kristennetten‚Ä¶ https://t.co/gS5RlD8rT7
